time,desired_angle,current_angle,velocity,error
0.0009999275207519531,6.07,6.07,0.0,-0.0
0.0009999275207519531,6.07,6.07,-0.461,0.0
2.8016414642333984,0.0,-0.001,-1.131,0.001
2.8382506370544434,0.0,0.0,-0.462,0.0
2.875014543533325,0.0,0.0,-0.465,0.0
2.9121274948120117,0.0,0.001,0.463,-0.001
2.9486496448516846,0.0,0.001,-0.226,-0.001
2.985685348510742,0.0,0.001,1.113,-0.001
3.0222206115722656,0.0,0.0,0.457,-0.0
3.0548346042633057,0.0,0.0,0.705,-0.0
3.092277765274048,0.0,0.0,0.236,-0.0
3.128993511199951,0.0,0.001,0.234,-0.001
3.165619373321533,0.0,0.001,0.883,-0.001
3.2026360034942627,0.0,-0.001,-0.958,0.001
3.2395591735839844,0.0,-0.001,-0.493,0.001
3.272566795349121,0.0,0.0,0.455,-0.0
3.3085756301879883,0.0,0.0,-0.731,0.0
3.345404624938965,0.0,0.001,0.231,-0.001
3.3829281330108643,0.0,0.001,0.458,-0.001
3.4190938472747803,0.0,0.0,-0.503,0.0
3.4520933628082275,0.0,0.001,0.24,-0.001
3.489572525024414,0.0,0.001,0.679,-0.001
3.52610182762146,0.0,0.0,0.0,0.0
3.562586784362793,0.0,0.001,0.472,-0.001
3.60007905960083,0.0,0.001,0.233,-0.001
3.6325972080230713,0.0,0.001,0.233,-0.001
3.6699743270874023,0.0,0.0,0.47,0.0
3.7062289714813232,0.0,0.0,-0.236,-0.0
3.743450403213501,0.0,-0.001,0.231,0.001
3.779543399810791,0.0,0.0,-0.231,-0.0
3.8171427249908447,0.0,-0.0,-0.901,0.0
3.8537096977233887,0.0,0.0,-0.224,0.0
3.8866591453552246,0.0,-0.001,-0.671,0.001
3.923534393310547,0.0,0.0,0.483,0.0
3.959791660308838,0.0,0.0,-0.224,-0.0
3.9972894191741943,0.0,0.0,-0.71,0.0
4.034039497375488,0.0,0.0,-0.464,-0.0
4.0670318603515625,0.0,0.0,0.236,0.0
4.103399991989136,0.0,0.001,0.0,-0.001
4.140733480453491,0.0,0.001,0.69,-0.001
4.177585601806641,0.0,-0.001,-0.228,0.001
4.214256286621094,0.0,0.0,-0.48,0.0
4.251332998275757,0.0,0.0,0.0,-0.0
4.284332513809204,0.0,-0.001,-0.683,0.001
4.320842742919922,0.0,0.0,0.246,0.0
4.357850074768066,0.0,0.0,0.683,-0.0
4.394566059112549,0.0,0.0,-0.228,0.0
4.431074619293213,0.0,0.0,0.473,0.0
4.4680798053741455,0.0,0.0,0.0,-0.0
4.501073837280273,0.0,-0.0,-0.465,0.0
4.537649154663086,0.0,0.001,0.473,-0.001
4.5747458934783936,0.0,0.0,0.707,0.0
4.611395835876465,0.0,0.0,0.929,-0.0
4.647989988327026,0.0,-0.0,-0.973,0.0
4.684993267059326,0.0,0.002,0.222,-0.002
4.722289323806763,0.0,-0.001,-0.642,0.001
4.758996963500977,0.0,-0.001,-0.657,0.001
4.791504383087158,0.0,0.0,-0.218,-0.0
4.8288209438323975,0.0,0.0,-0.238,0.0
4.865512132644653,0.0,0.001,0.904,-0.001
4.902573108673096,0.0,-0.001,-0.725,0.001
4.938896179199219,0.0,0.0,0.229,-0.0
4.976092338562012,0.0,0.001,0.231,-0.001
5.009097099304199,0.0,-0.001,-0.903,0.001
5.0451366901397705,0.0,-0.0,-0.236,0.0
5.082891464233398,0.0,0.0,-0.24,-0.0
5.119003772735596,5.96,0.033,5.678,5.927
5.156299352645874,5.96,0.509,19.282,5.451
5.192645311355591,5.96,1.176,19.051,4.784
5.230154514312744,5.86,1.884,20.512,3.976
5.266160488128662,5.73,2.622,21.356,3.108
5.303154230117798,5.73,3.333,19.59,2.397
5.340118169784546,5.61,4.048,19.244,1.562
5.377464532852173,5.5,4.741,19.348,0.759
5.410693407058716,5.5,5.227,6.384,0.273
5.447215795516968,5.39,5.313,1.153,0.077
5.484215497970581,5.28,5.349,1.646,-0.069
5.520491361618042,5.28,5.305,-0.237,-0.025
5.557483196258545,5.18,5.263,-3.034,-0.083
5.594722509384155,5.06,5.198,-2.757,-0.138
5.63102126121521,4.95,5.109,-0.234,-0.159
5.668269872665405,4.95,5.021,-2.353,-0.071
5.705413818359375,4.84,4.952,-3.314,-0.112
5.7418317794799805,4.84,4.885,-0.462,-0.045
5.778287649154663,4.73,4.825,-3.751,-0.095
5.8154003620147705,4.62,4.73,-4.231,-0.11
5.852905988693237,4.51,4.671,-0.677,-0.161
5.888907194137573,4.51,4.591,-3.219,-0.081
5.926415920257568,4.38,4.518,-3.029,-0.138
5.962918043136597,4.27,4.398,-2.996,-0.128
6.00020432472229,4.16,4.329,-1.397,-0.169
6.03701639175415,4.03,4.22,-2.561,-0.19
6.073318719863892,3.92,4.105,-1.844,-0.185
6.110070466995239,3.81,4.002,-3.961,-0.192
6.147096157073975,3.7,3.883,-2.537,-0.183
6.1800947189331055,3.7,3.792,-2.277,-0.092
6.217096328735352,3.6,3.705,-3.488,-0.105
6.253599643707275,3.36,3.584,-2.806,-0.224
6.290599822998047,3.23,3.471,-2.887,-0.241
6.328104734420776,3.1,3.333,-4.382,-0.233
6.36411190032959,2.99,3.219,-3.604,-0.229
6.40146803855896,2.88,3.093,-2.938,-0.213
6.437844276428223,2.88,2.992,-2.252,-0.112
6.47464394569397,2.76,2.947,-3.11,-0.187
6.511493682861328,2.65,2.772,-5.263,-0.122
6.548521995544434,2.55,2.679,-3.025,-0.129
6.585935115814209,2.55,2.589,-0.465,-0.039
6.622462511062622,2.55,2.572,-0.942,-0.022
6.659475326538086,2.55,2.561,0.44,-0.011
6.696498394012451,2.55,2.556,0.226,-0.006
6.733043432235718,2.55,2.554,-0.226,-0.004
6.770023584365845,2.55,2.551,-0.444,-0.001
6.807097911834717,2.55,2.552,-0.23,-0.002
6.843817234039307,2.55,2.55,-0.691,-0.0
6.876827955245972,2.55,2.549,-0.23,0.001
6.913630962371826,2.55,2.548,-1.382,0.002
6.950724840164185,2.55,2.551,0.719,-0.001
6.986743450164795,2.55,2.55,0.461,0.0
7.023403644561768,2.55,2.549,-0.228,0.001
7.060970783233643,2.55,2.551,0.225,-0.001
7.0976338386535645,2.55,2.549,-0.23,0.001
7.130220413208008,2.55,2.55,0.0,0.0
7.166585683822632,2.55,2.55,1.169,-0.0
7.204476833343506,2.55,2.55,0.231,0.0
7.240983009338379,2.55,2.551,0.241,-0.001
7.277098178863525,2.55,2.55,0.691,-0.0
7.31411337852478,2.55,2.549,0.456,0.001
7.347167730331421,2.55,2.549,-0.691,0.001
7.384525299072266,2.55,2.549,-0.239,0.001
7.421038866043091,2.55,2.55,-0.691,0.0
7.45804762840271,2.55,2.55,0.0,-0.0
7.494519233703613,2.55,2.55,0.24,0.0
7.5310564041137695,2.55,2.55,0.474,0.0
7.565049409866333,2.55,2.55,0.24,-0.0
7.6013994216918945,2.55,2.55,-0.931,0.0
7.638524770736694,2.55,2.551,0.711,-0.001
7.674704313278198,2.55,2.549,0.0,0.001
7.712167263031006,2.55,2.549,-0.461,0.001
7.748680353164673,2.55,2.55,-0.461,0.0
7.7816855907440186,2.55,2.549,-0.922,0.001
7.818926095962524,2.55,2.549,-0.237,0.001
7.85578989982605,2.55,2.549,-0.474,0.001
7.892399787902832,2.55,2.55,-0.23,-0.0
7.929267644882202,2.55,2.55,-0.239,-0.0
7.965519905090332,2.55,2.551,-0.231,-0.001
8.002412557601929,2.55,2.55,0.461,-0.0
8.035922527313232,2.55,2.549,-0.231,0.001
8.072446346282959,2.55,2.549,0.0,0.001
8.109140396118164,2.55,2.549,0.0,0.001
8.146133422851562,2.55,2.549,-0.247,0.001
8.183133125305176,2.55,2.551,0.225,-0.001
8.220135927200317,2.55,2.551,0.464,-0.001
8.252726554870605,2.55,2.55,0.655,-0.0
8.289778232574463,2.55,2.55,-0.218,-0.0
8.32628607749939,2.55,2.55,0.226,-0.0
8.363027334213257,2.55,2.55,-0.24,0.0
8.400000810623169,2.55,2.549,-0.461,0.001
8.436515092849731,2.55,2.549,-0.448,0.001
8.473514556884766,2.55,2.55,-0.461,0.0
8.510517120361328,2.55,2.55,-0.23,-0.0
8.546740293502808,2.55,2.551,0.922,-0.001
8.580732583999634,2.55,2.55,-0.231,0.0
8.616672992706299,2.55,2.551,0.0,-0.001
8.653802633285522,2.55,2.55,0.233,-0.0
8.691142320632935,2.55,2.55,-0.472,0.0
8.727392196655273,2.55,2.55,-0.237,0.0
8.764546632766724,2.55,2.549,-0.46,0.001
8.79754638671875,2.55,2.549,-0.239,0.001
8.83433985710144,2.55,2.551,0.455,-0.001
8.87134599685669,2.55,2.55,0.455,0.0
8.907644748687744,2.55,2.55,0.225,-0.0
8.944389820098877,2.55,2.55,0.226,0.0
8.981044054031372,2.55,2.551,0.215,-0.001
9.018128871917725,2.55,2.55,-0.232,-0.0
9.051654815673828,2.55,2.55,0.224,0.0
9.088490724563599,2.55,2.549,-0.439,0.001
9.12518572807312,2.55,2.55,-0.451,-0.0
9.16169285774231,2.55,2.55,0.22,-0.0
9.19893503189087,2.55,2.55,-0.216,-0.0
9.235336780548096,2.55,2.551,0.0,-0.001
9.272596836090088,2.55,2.551,0.235,-0.001
9.305447101593018,2.55,2.55,0.0,0.0
9.34165072441101,2.55,2.551,0.91,-0.001
9.378661870956421,2.55,2.549,-0.475,0.001
9.415514469146729,2.55,2.55,0.224,-0.0
9.452763080596924,2.55,2.55,0.481,-0.0
9.48964524269104,2.55,2.549,0.0,0.001
9.52266263961792,2.55,2.55,0.479,-0.0
9.55953073501587,2.55,2.55,0.0,-0.0
9.596531867980957,2.55,2.551,0.47,-0.001
9.633052110671997,2.55,2.55,0.0,0.0
9.670045614242554,2.55,2.549,0.234,0.001
9.70704460144043,2.55,2.55,-0.237,0.0
9.743550300598145,2.55,2.55,0.0,0.0
9.77603816986084,2.55,2.55,0.0,-0.0
9.813032150268555,2.55,2.549,-0.24,0.001
9.84953784942627,2.55,2.549,-0.474,0.001
9.886545181274414,2.55,2.55,0.0,0.0
9.92354154586792,2.55,2.55,0.24,-0.0
9.957047939300537,2.55,2.551,0.233,-0.001
9.99355411529541,2.55,2.55,0.448,0.0
10.030059576034546,2.55,2.55,0.0,0.0
10.067059993743896,2.55,2.55,0.23,-0.0
10.103428840637207,2.55,2.55,-0.472,0.0
10.140926361083984,2.55,2.55,0.24,-0.0
10.173925638198853,2.55,2.551,0.231,-0.001
10.210931777954102,2.55,2.55,0.46,-0.0
10.247458696365356,2.55,2.549,-0.23,0.001
10.284452199935913,2.55,2.549,-0.692,0.001
10.320375204086304,2.55,2.549,0.68,0.001
10.357866764068604,2.55,2.549,0.23,0.001
10.390620946884155,2.55,2.55,-0.461,0.0
10.427666187286377,2.55,2.55,-0.232,-0.0
10.464673280715942,2.55,2.551,-0.232,-0.001
10.501076459884644,2.55,2.551,0.462,-0.001
10.537766695022583,2.55,2.549,0.0,0.001
10.574759244918823,2.55,2.549,-0.445,0.001
10.60775876045227,2.55,2.549,-0.691,0.001
10.644264221191406,2.55,2.549,-0.465,0.001
10.681207180023193,2.55,2.55,0.0,-0.0
10.717819929122925,2.55,2.55,0.237,-0.0
10.755317211151123,2.55,2.549,-0.465,0.001
10.79190182685852,2.55,2.55,0.237,-0.0
10.828807592391968,2.55,2.551,0.224,-0.001
10.861854791641235,2.55,2.55,0.225,-0.0
10.89827275276184,2.55,2.549,-0.247,0.001
10.935672521591187,2.55,2.55,0.691,-0.0
10.972011804580688,2.55,2.549,-0.674,0.001
11.008642435073853,2.55,2.551,0.0,-0.001
11.045676708221436,2.55,2.55,-0.91,0.0
11.082897901535034,2.55,2.55,-0.22,-0.0
11.11981201171875,2.55,2.551,0.872,-0.001
11.152446746826172,2.55,2.55,-0.218,0.0
11.189485788345337,2.55,2.551,0.226,-0.001
11.225986957550049,2.55,2.551,0.232,-0.001
11.262415409088135,2.55,2.549,0.0,0.001
11.299606323242188,2.55,2.55,0.23,0.0
11.336853265762329,2.55,2.549,-0.673,0.001
11.369866371154785,2.55,2.551,0.461,-0.001
11.40656566619873,2.55,2.55,0.0,-0.0
11.442895412445068,2.55,2.55,0.0,-0.0
11.47971248626709,2.55,2.55,-0.691,0.0
11.516633749008179,2.55,2.549,-0.68,0.001
11.553159713745117,2.55,2.549,-0.692,0.001
11.59101128578186,2.55,2.549,0.232,0.001
11.62402629852295,2.55,2.55,0.0,0.0
11.660545349121094,2.55,2.551,0.455,-0.001
11.696850299835205,2.55,2.55,-0.698,0.0
11.734304666519165,2.55,2.55,-0.233,-0.0
11.771074533462524,2.55,2.55,0.245,0.0
11.80708646774292,2.55,2.55,0.23,-0.0
11.84451675415039,2.55,2.551,0.218,-0.001
11.878013849258423,2.55,2.551,0.224,-0.001
11.913972616195679,2.55,2.55,-0.452,0.0
11.950958490371704,2.55,2.551,0.0,-0.001
11.988041877746582,2.55,2.551,0.23,-0.001
12.02483606338501,2.55,2.551,0.699,-0.001
12.0609450340271,2.55,2.55,-0.465,0.0
12.094938516616821,2.55,2.549,-0.237,0.001
12.131408214569092,2.55,2.55,-0.23,-0.0
12.168095588684082,2.42,2.533,-2.388,-0.113
12.204729557037354,2.29,2.461,0.45,-0.171
12.241775512695312,2.29,2.365,-2.591,-0.075
12.27869200706482,2.07,2.276,-4.355,-0.206
12.31511664390564,1.95,2.15,-4.613,-0.2
12.352218627929688,1.67,1.996,-3.665,-0.326
12.38891053199768,1.52,1.827,-5.734,-0.307
12.426416158676147,1.35,1.612,-5.515,-0.262
12.46330213546753,1.04,1.39,-4.98,-0.35
12.499606370925903,0.89,1.173,-6.977,-0.283
12.536427974700928,0.6,0.957,-5.07,-0.357
12.573554277420044,0.46,0.752,-6.994,-0.292
12.610685586929321,0.16,0.541,-6.69,-0.381
12.646700382232666,0.0,0.336,-6.576,-0.336
12.683710813522339,-0.13,0.105,-4.984,-0.235
12.721245288848877,-0.41,-0.089,-5.992,-0.321
12.757147073745728,-0.56,-0.285,-5.217,-0.275
12.795004606246948,-0.89,-0.5,-6.463,-0.39
12.831411600112915,-1.04,-0.721,-5.714,-0.319
12.868554830551147,-1.22,-0.945,-7.119,-0.275
12.90523910522461,-1.58,-1.186,-6.155,-0.394
12.941958665847778,-1.75,-1.43,-5.981,-0.32
12.979348182678223,-2.04,-1.665,-5.379,-0.375
13.015688180923462,-2.16,-1.876,-6.666,-0.284
13.053149461746216,-2.5,-2.08,-6.167,-0.42
13.089533567428589,-2.67,-2.303,-6.449,-0.367
13.126957654953003,-2.84,-2.553,-6.461,-0.287
13.163837194442749,-3.12,-2.817,-8.076,-0.303
13.200743675231934,-3.45,-3.048,-5.626,-0.402
13.237257719039917,-3.59,-3.29,-5.521,-0.3
13.274250745773315,-3.88,-3.474,-12.748,-0.406
13.311257123947144,-4.04,-3.722,-4.654,-0.318
13.351980447769165,-4.18,-3.949,-5.988,-0.231
13.388296365737915,-4.51,-4.159,-6.684,-0.351
13.425008535385132,-4.67,-4.387,-5.346,-0.283
13.462368965148926,-5.05,-4.633,-8.603,-0.417
13.49961233139038,-5.38,-4.918,-6.516,-0.462
13.535869836807251,-5.61,-5.194,-7.24,-0.416
13.573682069778442,-5.95,-5.513,-8.203,-0.437
13.610492706298828,-6.23,-5.787,-7.905,-0.443
13.647011995315552,-6.33,-6.039,-8.358,-0.291
13.684006452560425,-6.66,-6.267,-5.821,-0.393
13.721093893051147,-6.83,-6.518,-6.749,-0.312
13.75763988494873,-7.15,-6.758,-4.992,-0.392
13.794103384017944,-7.31,-6.981,-9.565,-0.329
13.835306882858276,-7.65,-7.219,-6.687,-0.271
13.871783971786499,-7.79,-7.444,-5.989,-0.346
13.909030437469482,-7.93,-7.662,-5.528,-0.268
13.945557117462158,-8.22,-7.867,-4.88,-0.353
13.982276916503906,-8.51,-8.059,-6.234,-0.451
14.019706964492798,-8.75,-8.348,-7.11,-0.402
14.056936979293823,-9.09,-8.644,-7.497,-0.446
14.093444585800171,-9.37,-8.918,-6.824,-0.282
14.130316972732544,-9.54,-9.146,-6.74,-0.394
14.167171001434326,-9.7,-9.403,-5.558,-0.297
14.203648090362549,-9.98,-9.615,-2.317,-0.365
14.241153478622437,-10.11,-9.822,-10.938,-0.288
14.281479358673096,-10.37,-10.027,-5.482,-0.213
14.318689584732056,-10.5,-10.214,-4.151,-0.286
14.35522985458374,-10.64,-10.408,-4.837,-0.232
14.392057418823242,-10.94,-10.603,-4.94,-0.337
14.428452491760254,-11.11,-10.8,-6.335,-0.31
14.46627688407898,-11.38,-11.037,-7.106,-0.343
14.50317096710205,-11.54,-11.269,-6.047,-0.271
14.540099382400513,-11.89,-11.501,-6.219,-0.389
14.5770263671875,-12.04,-11.734,-5.531,-0.306
14.613421440124512,-12.3,-11.946,-5.174,-0.354
14.649923324584961,-12.41,-12.138,-6.492,-0.272
14.691251039505005,-12.52,-12.311,-3.714,-0.209
14.728271245956421,-12.62,-12.475,-3.457,-0.145
14.765039205551147,-12.72,-12.543,-2.555,-0.177
14.80186939239502,-12.72,-12.654,-0.461,-0.066
14.837951183319092,-12.72,-12.676,-0.936,-0.044
14.87208342552185,-12.72,-12.691,0.468,-0.029
14.911700963973999,-12.59,-12.655,1.153,0.065
14.948952913284302,-12.49,-12.587,2.532,0.097
14.98557734489441,-12.36,-12.485,4.837,0.125
15.022603273391724,-12.25,-12.371,2.537,0.121
15.059467554092407,-12.03,-12.278,3.555,0.248
15.09653115272522,-11.9,-12.138,3.25,0.108
15.133533716201782,-11.9,-12.036,2.959,0.136
15.170599699020386,-11.62,-11.888,4.506,0.268
15.207706928253174,-11.48,-11.715,4.881,0.235
15.244433641433716,-11.21,-11.522,4.863,0.312
15.281284093856812,-11.08,-11.348,6.039,0.268
15.31794023513794,-10.94,-11.183,3.258,0.243
15.354308366775513,-10.83,-11.013,5.141,0.183
15.391320705413818,-10.71,-10.887,3.904,0.177
15.428934335708618,-10.59,-10.762,3.404,0.172
15.465060234069824,-10.44,-10.657,1.152,0.217
15.501716136932373,-10.33,-10.524,4.368,0.194
15.539258241653442,-10.08,-10.366,5.64,0.286
15.57625436782837,-9.95,-10.214,4.148,0.264
15.61636996269226,-9.81,-10.02,4.837,0.21
15.653243780136108,-9.51,-9.829,5.818,0.319
15.690335035324097,-9.37,-9.648,2.766,0.278
15.727410316467285,-9.08,-9.423,8.223,0.343
15.76373815536499,-8.93,-9.201,6.01,0.271
15.80064606666565,-8.67,-8.996,7.503,0.326
15.837868213653564,-8.54,-8.821,4.977,0.281
15.87475323677063,-8.4,-8.644,1.895,0.244
15.910786151885986,-8.29,-8.488,6.223,0.198
15.948104858398438,-8.16,-8.346,3.226,0.186
15.98553729057312,-7.93,-8.188,4.84,0.258
16.022143840789795,-7.81,-8.03,4.557,0.22
16.05967092514038,-7.54,-7.853,7.09,0.313
16.095678091049194,-7.37,-7.683,4.774,0.313
16.133359909057617,-7.2,-7.453,6.08,0.253
16.16933512687683,-6.87,-7.234,6.384,0.364
16.20632576942444,-6.72,-6.997,6.914,0.277
16.24384880065918,-6.38,-6.769,6.163,0.389
16.28036904335022,-6.23,-6.539,5.001,0.309
16.317291021347046,-5.94,-6.311,6.98,0.371
16.353809595108032,-5.79,-6.117,6.427,0.327
16.39092254638672,-5.64,-5.898,6.724,0.258
16.42752432823181,-5.33,-5.692,4.926,0.362
16.464902639389038,-5.18,-5.48,7.643,0.3
16.501635789871216,-5.03,-5.265,6.62,0.235
16.538655519485474,-4.68,-5.063,5.528,0.383
16.575653791427612,-4.46,-4.79,8.042,0.33
16.612655878067017,-4.08,-4.539,7.511,0.459
16.652371644973755,-3.85,-4.267,9.104,0.417
16.690019845962524,-3.59,-3.971,5.602,0.381
16.726919651031494,-3.42,-3.736,7.917,0.316
16.763656854629517,-3.11,-3.491,5.179,0.381
16.800686836242676,-2.96,-3.316,6.547,0.356
16.83724880218506,-2.63,-3.032,6.724,0.402
16.873701810836792,-2.46,-2.823,5.989,0.363
16.910606861114502,-2.3,-2.567,6.645,0.267
16.947620630264282,-2.03,-2.352,5.304,0.322
16.985005378723145,-1.89,-2.152,5.841,0.262
17.02145743370056,-1.59,-1.943,5.883,0.353
17.05824613571167,-1.42,-1.736,6.469,0.316
17.09512710571289,-1.11,-1.503,5.524,0.393
17.13245153427124,-0.97,-1.294,6.812,0.324
17.169418334960938,-0.81,-1.066,5.531,0.256
17.205967903137207,-0.49,-0.847,5.978,0.357
17.242992401123047,-0.33,-0.614,5.996,0.284
17.280299425125122,0.0,-0.384,6.628,0.384
17.31630825996399,0.14,-0.162,6.453,0.302
17.353779554367065,0.41,0.06,6.631,0.35
17.3907732963562,0.57,0.255,6.76,0.315
17.427005529403687,0.86,0.473,5.508,0.237
17.46379542350769,1.01,0.667,6.106,0.343
17.500789403915405,1.19,0.89,6.352,0.3
17.53787350654602,1.53,1.134,5.999,0.396
17.574092388153076,1.72,1.373,6.86,0.347
17.611093044281006,1.98,1.638,8.997,0.342
17.648295640945435,2.3,1.878,6.283,0.422
17.685351610183716,2.45,2.097,5.875,0.353
17.721378564834595,2.61,2.335,6.144,0.275
17.7586510181427,2.89,2.553,5.962,0.337
17.791651010513306,3.03,2.761,6.291,0.269
17.828823566436768,3.39,2.95,3.001,0.44
17.869334936141968,3.7,3.247,10.242,0.453
17.902328491210938,3.88,3.512,6.147,0.368
17.939533472061157,4.05,3.759,7.542,0.291
17.976380109786987,4.16,3.973,4.424,0.187
18.01305079460144,4.27,4.118,4.019,0.152
18.050139904022217,4.27,4.193,-0.473,0.077
18.086854457855225,4.27,4.219,0.931,0.051
18.122814655303955,4.27,4.251,1.153,0.019
18.160436868667603,4.27,4.259,0.0,0.011
18.196532011032104,4.15,4.264,-0.247,-0.114
18.233551740646362,4.01,4.163,-3.404,-0.153
18.26656460762024,3.67,4.011,-3.65,-0.341
18.303563594818115,3.39,3.784,-6.167,-0.394
18.340182304382324,3.22,3.536,-5.528,-0.316
18.381593704223633,2.82,3.288,-7.688,-0.468
18.41788935661316,2.58,2.989,-7.209,-0.409
18.454594612121582,2.17,2.666,-11.293,-0.496
18.491589784622192,1.74,2.312,-12.611,-0.572
18.52859091758728,1.33,1.942,-9.558,-0.482
18.566094160079956,1.08,1.582,-9.998,-0.502
18.60209584236145,0.75,1.236,-7.999,-0.486
18.639607191085815,0.35,0.918,-9.548,-0.568
18.676607131958008,0.11,0.575,-7.493,-0.465
18.713600158691406,-0.24,0.237,-9.325,-0.477
18.75011372566223,-0.56,-0.077,-7.462,-0.483
18.78710651397705,-0.66,-0.368,-7.615,-0.292
18.82411503791809,-1.0,-0.6,-7.836,-0.4
18.860620737075806,-1.3,-0.862,-6.688,-0.438
18.901612520217896,-1.66,-1.183,-9.226,-0.477
18.93812656402588,-1.91,-1.485,-8.481,-0.425
18.975127458572388,-2.31,-1.81,-8.674,-0.5
19.01262354850769,-2.75,-2.177,-9.246,-0.573
19.049128770828247,-3.08,-2.544,-11.557,-0.536
19.086129188537598,-3.63,-2.981,-12.783,-0.649
19.126137018203735,-4.25,-3.452,-13.92,-0.798
19.163734197616577,-4.83,-3.981,-14.28,-0.849
19.200861930847168,-5.21,-4.473,-13.688,-0.737
19.237114429473877,-5.73,-4.998,-11.751,-0.732
19.274722576141357,-6.2,-5.456,-12.798,-0.744
19.311728477478027,-6.47,-5.903,-11.38,-0.567
19.351420879364014,-6.86,-6.298,-8.97,-0.562
19.388428688049316,-7.33,-6.679,-10.847,-0.651
19.425646543502808,-7.62,-7.08,-11.003,-0.54
19.463021993637085,-8.05,-7.484,-10.044,-0.566
19.49963903427124,-8.51,-7.87,-13.787,-0.64
19.539955139160156,-8.81,-8.266,-10.014,-0.544
19.576785564422607,-9.23,-8.673,-11.147,-0.557
19.613792419433594,-9.59,-9.055,-9.765,-0.535
19.651246786117554,-9.88,-9.396,-9.955,-0.484
19.687779903411865,-10.34,-9.763,-10.365,-0.577
19.725432634353638,-10.75,-10.179,-11.125,-0.571
19.76595139503479,-11.07,-10.545,-11.139,-0.525
19.802958011627197,-11.58,-10.951,-11.811,-0.629
19.839504957199097,-12.19,-11.391,-11.285,-0.799
19.876258850097656,-12.61,-11.885,-14.528,-0.725
19.91389560699463,-13.2,-12.419,-13.298,-0.781
19.954442024230957,-13.67,-12.918,-13.958,-0.752
19.990896224975586,-13.96,-13.354,-10.006,-0.606
20.027918100357056,-14.47,-13.791,-11.099,-0.679
20.06544518470764,-14.85,-14.233,-14.058,-0.617
20.105889797210693,-15.45,-14.715,-13.73,-0.735
20.14215636253357,-16.03,-15.234,-16.563,-0.796
20.179291009902954,-16.47,-15.737,-14.893,-0.733
20.21671414375305,-17.21,-16.3,-16.133,-0.91
20.256737232208252,-17.89,-16.937,-22.254,-0.953
20.294405221939087,-18.26,-17.508,-15.89,-0.752
20.331416130065918,-18.79,-18.036,-13.144,-0.754
20.36794352531433,-19.38,-18.532,-11.879,-0.848
20.405253648757935,-19.74,-19.043,-12.668,-0.697
20.44515609741211,-20.27,-19.541,-13.127,-0.729
20.482155323028564,-20.95,-20.017,-13.819,-0.683
20.519173622131348,-21.46,-20.572,-15.488,-0.888
20.556671380996704,-22.22,-21.208,-16.867,-1.012
20.596677780151367,-22.63,-21.824,-16.502,-0.806
20.63367247581482,-23.17,-22.384,-13.367,-0.786
20.670700073242188,-23.82,-22.937,-18.152,-0.883
20.70770001411438,-24.31,-23.491,-16.214,-0.819
20.74820613861084,-24.93,-24.085,-13.937,-0.845
20.785205125808716,-25.51,-24.641,-18.064,-0.869
20.822201013565063,-25.99,-25.168,-16.436,-0.822
20.859927654266357,-26.7,-25.788,-16.664,-0.912
20.899933099746704,-27.37,-26.383,-15.711,-0.987
20.93712019920349,-27.78,-26.959,-16.373,-0.821
20.97411870956421,-28.41,-27.539,-13.563,-0.871
21.0111186504364,-29.16,-28.102,-15.303,-1.058
21.04764723777771,-29.59,-28.719,-16.451,-0.871
21.088643789291382,-30.11,-29.314,-11.877,-0.796
21.125651836395264,-30.82,-29.831,-16.127,-0.739
21.16220784187317,-31.3,-30.408,-16.834,-0.892
21.199215412139893,-32.0,-31.032,-21.653,-0.968
21.239741325378418,-32.42,-31.629,-15.7,-0.791
21.276591777801514,-33.05,-32.205,-15.021,-0.845
21.31365966796875,-33.87,-32.816,-23.622,-1.054
21.354361295700073,-34.24,-33.452,-15.912,-0.788
21.391361236572266,-34.7,-33.985,-12.604,-0.715
21.428356170654297,-35.3,-34.464,-17.555,-0.836
21.46540403366089,-35.82,-34.98,-17.268,-0.84
21.502403497695923,-36.67,-35.643,-16.063,-1.027
21.542935609817505,-37.37,-36.328,-22.842,-1.042
21.579935550689697,-37.79,-36.94,-17.539,-0.85
21.616936922073364,-38.58,-37.551,-17.019,-1.029
21.6578631401062,-39.34,-38.223,-20.465,-1.117
21.694948196411133,-39.7,-38.87,-14.759,-0.83
21.731874227523804,-40.35,-39.455,-13.791,-0.895
21.768392324447632,-41.06,-40.025,-17.003,-1.035
21.805425882339478,-41.52,-40.628,-14.941,-0.892
21.845951557159424,-41.98,-41.24,-13.063,-0.74
21.88295292854309,-41.98,-41.625,-6.736,-0.355
21.919958353042603,-41.98,-41.797,-3.687,-0.183
21.956809520721436,-41.98,-41.877,-2.076,-0.103
21.993816375732422,-41.98,-41.932,-0.922,-0.048
22.030765771865845,-41.72,-41.903,2.283,0.183
22.067280292510986,-41.41,-41.782,4.302,0.372
22.104287147521973,-41.03,-41.522,9.644,0.492
22.141342639923096,-40.34,-41.1,12.555,0.76
22.182343244552612,-39.75,-40.613,15.709,0.863
22.219342947006226,-39.34,-40.094,13.484,0.754
22.255868196487427,-38.68,-39.563,15.68,0.883
22.29337215423584,-38.18,-39.005,14.926,0.655
22.330384016036987,-37.79,-38.498,13.024,0.708
22.37097454071045,-37.13,-37.99,17.794,0.86
22.407896518707275,-36.61,-37.459,16.865,0.849
22.444424867630005,-35.92,-36.851,16.133,0.931
22.481425285339355,-35.24,-36.241,21.526,1.001
22.522428512573242,-34.82,-35.628,17.12,0.808
22.558934211730957,-34.29,-35.041,13.962,0.751
22.595935583114624,-33.65,-34.55,13.672,0.9
22.632948637008667,-33.27,-33.998,14.668,0.728
22.669477224349976,-32.69,-33.473,13.777,0.783
22.71051859855652,-32.09,-32.97,14.246,0.88
22.747844696044922,-31.66,-32.447,14.412,0.787
22.78472399711609,-31.02,-31.877,15.404,0.857
22.821828365325928,-30.56,-31.333,15.49,0.773
22.86142635345459,-29.94,-30.762,15.912,0.822
22.898818016052246,-29.33,-30.208,20.436,0.878
22.9357693195343,-28.93,-29.676,15.662,0.746
22.972938060760498,-28.35,-29.122,14.846,0.772
23.009749174118042,-27.62,-28.593,13.969,0.973
23.05081796646118,-27.1,-28.017,15.76,0.917
23.087189197540283,-26.33,-27.369,18.262,1.039
23.124680519104004,-25.56,-26.725,18.196,1.165
23.161617755889893,-25.16,-26.038,18.197,0.878
23.202298879623413,-24.49,-25.392,16.349,0.902
23.239028692245483,-23.85,-24.814,15.754,0.774
23.276097059249878,-23.49,-24.246,15.432,0.756
23.312350511550903,-22.78,-23.716,21.198,0.936
23.350175619125366,-22.27,-23.145,17.075,0.875
23.390855312347412,-21.51,-22.486,16.584,0.976
23.42775559425354,-20.84,-21.839,22.908,0.999
23.464816570281982,-20.42,-21.228,16.344,0.808
23.501426696777344,-19.68,-20.644,16.391,0.964
23.541847944259644,-19.07,-20.02,17.342,0.95
23.57918691635132,-18.58,-19.418,15.075,0.838
23.616044759750366,-17.73,-18.793,18.079,1.063
23.652506589889526,-16.92,-18.139,19.163,1.219
23.689512491226196,-16.43,-17.458,19.578,1.028
23.730523109436035,-15.81,-16.763,17.297,0.953
23.766990900039673,-15.38,-16.138,15.45,0.758
23.80386185646057,-14.66,-15.586,16.693,0.926
23.840778827667236,-13.87,-14.947,22.778,1.077
23.881778478622437,-13.31,-14.306,17.505,0.996
23.918779373168945,-12.57,-13.606,19.175,1.036
23.95538592338562,-11.79,-12.903,17.918,1.113
23.9924578666687,-11.2,-12.233,17.966,1.033
24.029650688171387,-10.52,-11.537,19.186,1.017
24.07038927078247,-9.76,-10.89,17.442,0.86
24.107489824295044,-9.16,-10.232,19.336,1.072
24.14404559135437,-8.02,-9.508,18.132,1.488
24.18159770965576,-7.21,-8.799,19.547,1.329
24.21790051460266,-6.63,-8.092,18.758,1.462
24.25535559654236,-5.85,-7.368,19.754,1.518
24.29535675048828,-5.16,-6.63,21.108,1.2
24.332237005233765,-4.52,-5.89,19.106,1.37
24.36898183822632,-3.5,-5.183,18.875,1.683
24.40652585029602,-2.56,-4.485,19.359,1.925
24.44328284263611,-2.01,-3.74,20.785,1.73
24.480284690856934,-1.11,-3.016,20.051,1.906
24.520538568496704,-0.25,-2.294,20.233,2.044
24.558257341384888,0.23,-1.583,19.119,1.813
24.594553470611572,1.16,-0.853,20.767,2.013
24.631561994552612,2.32,-0.094,26.872,2.414
24.668842315673828,2.85,0.617,18.144,2.233
24.705360651016235,3.74,1.314,19.14,2.426
24.742864847183228,4.7,2.027,19.5,2.673
24.78284740447998,5.44,2.763,20.453,2.417
24.82014513015747,6.04,3.484,19.14,2.556
24.85715103149414,6.95,4.196,18.752,2.754
24.89408564567566,8.0,4.893,20.511,3.107
24.930847644805908,8.62,5.627,19.759,2.993
24.967060804367065,9.34,6.374,20.304,2.966
25.004387140274048,9.93,7.094,24.864,2.836
25.041076183319092,10.42,7.782,18.444,2.638
25.07830047607422,11.01,8.508,21.203,2.502
25.119145393371582,11.52,9.243,18.816,2.277
25.155723333358765,11.95,9.964,19.672,1.986
25.192723512649536,12.74,10.673,19.117,2.067
25.22924566268921,13.38,11.379,19.566,2.001
25.266998291015625,13.73,12.131,21.203,1.599
25.30300498008728,14.72,12.874,19.808,1.846
25.343950510025024,15.77,13.578,19.625,2.192
25.3809494972229,16.23,14.284,21.11,1.946
25.417466163635254,16.97,15.024,20.623,1.946
25.45497727394104,17.9,15.722,19.613,2.178
25.49193835258484,18.39,16.46,21.539,1.93
25.53227925300598,19.26,17.179,20.586,2.081
25.569602489471436,20.23,17.905,20.73,2.005
25.606693506240845,20.87,18.667,21.513,2.203
25.642964839935303,21.65,19.401,19.426,2.249
25.679967880249023,22.43,20.098,19.535,2.072
25.716968059539795,22.91,20.813,19.844,2.097
25.757478713989258,23.74,21.571,20.52,2.169
25.794472455978394,24.76,22.267,19.82,2.143
25.832167625427246,25.42,23.002,19.868,2.418
25.86868643760681,26.19,23.722,19.029,2.468
25.909658432006836,27.09,24.454,20.006,2.326
25.946604013442993,27.64,25.206,20.16,2.434
25.98261332511902,28.43,25.93,18.556,2.5
26.02023959159851,29.12,26.629,19.666,2.491
26.057248830795288,30.29,27.354,20.281,2.936
26.098047733306885,31.08,28.102,18.186,2.978
26.13431477546692,31.6,28.808,20.742,2.792
26.171451330184937,32.59,29.526,18.023,3.064
26.20838975906372,33.62,30.253,19.44,3.367
26.24569869041443,34.6,30.998,20.304,3.282
26.286521673202515,35.34,31.746,19.732,3.594
26.322520971298218,36.26,32.467,18.592,3.793
26.360034942626953,37.15,33.163,20.124,3.687
26.397029399871826,37.68,33.906,20.328,3.774
26.43319869041443,38.59,34.638,19.336,3.952
26.474363803863525,39.77,35.356,18.718,4.024
26.5118625164032,40.42,36.071,19.22,4.349
26.547772645950317,41.21,36.812,21.432,4.398
26.585219860076904,42.2,37.558,19.817,4.312
26.62601900100708,42.78,38.292,19.141,4.488
26.663320779800415,43.8,39.0,20.073,4.8
26.700500965118408,44.93,39.707,20.27,4.853
26.737284183502197,45.62,40.462,21.203,5.158
26.773598432540894,46.52,41.188,18.52,5.332
26.814597129821777,47.33,41.903,19.07,5.157
26.85112237930298,47.97,42.614,20.603,5.356
26.88811421394348,49.1,43.365,19.995,5.735
26.925642728805542,50.16,44.109,19.264,5.671
26.962642431259155,50.8,44.833,19.907,5.967
27.00264286994934,51.7,45.543,19.152,6.157
27.039942502975464,52.62,46.264,18.393,6.046
27.0770845413208,53.22,47.009,18.009,6.211
27.114108562469482,54.24,47.739,19.391,6.501
27.154611349105835,55.41,48.447,18.454,6.563
27.19131851196289,56.07,49.167,20.544,6.903
27.22864055633545,56.98,49.923,20.577,7.057
27.265149116516113,57.92,50.658,19.685,6.972
27.302138566970825,58.56,51.366,18.437,7.194
27.342927932739258,59.61,52.082,19.883,7.528
27.37988829612732,60.62,52.818,20.536,7.462
27.416359663009644,61.27,53.549,21.357,7.721
27.45388412475586,62.15,54.283,19.631,7.867
27.49388360977173,62.95,54.982,19.756,7.688
27.53088617324829,63.72,55.715,22.034,8.005
27.568339347839355,64.81,56.479,20.16,8.331
27.605390071868896,65.86,57.199,17.941,8.351
27.642373085021973,66.43,57.905,20.282,8.525
27.682542085647583,67.31,58.634,20.076,8.675
27.720044374465942,68.27,59.38,20.42,8.52
27.75610899925232,68.99,60.094,19.386,8.896
27.794065237045288,70.05,60.824,19.5,9.226
27.83423137664795,70.93,61.528,18.468,9.112
27.87075972557068,71.58,62.279,20.043,9.301
27.908700227737427,72.45,63.034,19.298,9.416
27.94542694091797,73.43,63.741,19.095,9.309
27.98192048072815,74.13,64.449,19.469,9.681
28.02256464958191,75.25,65.188,20.717,10.062
28.06010103225708,76.18,65.92,19.198,9.95
28.096564531326294,76.81,66.652,19.621,10.158
28.13377285003662,77.62,67.367,19.613,10.253
28.17379379272461,78.7,68.09,20.462,10.61
28.211125373840332,79.37,68.852,20.039,10.518
28.248143911361694,80.3,69.599,18.668,10.701
28.285150289535522,81.24,70.304,19.661,10.937
28.325995206832886,81.78,71.016,19.426,10.764
28.362995862960815,82.62,71.775,20.281,10.845
28.399474620819092,83.68,72.488,18.057,11.192
28.44048237800598,84.24,73.22,19.22,11.02
28.477378845214844,85.34,73.937,19.466,11.403
28.514091730117798,86.2,74.688,27.602,11.512
28.55081605911255,86.69,75.438,20.569,11.252
28.587815046310425,87.67,76.163,19.583,11.507
28.628896951675415,88.62,76.877,26.535,11.743
28.666210174560547,89.28,77.595,20.319,11.685
28.703041791915894,90.08,78.347,17.401,11.733
28.740046739578247,91.05,79.077,27.068,11.973
28.780631065368652,91.63,79.788,19.535,11.842
28.81754779815674,92.48,80.507,21.02,11.973
28.854061365127563,93.62,81.267,27.127,12.353
28.89106273651123,94.38,82.006,19.118,12.374
28.932066440582275,95.18,82.723,19.848,12.457
28.968973398208618,96.19,83.439,18.919,12.751
29.00587773323059,97.04,84.176,20.736,12.584
29.043400764465332,97.73,84.905,19.359,12.825
29.083609342575073,98.82,85.643,18.946,13.177
29.120614051818848,99.7,86.349,19.343,13.081
29.158008337020874,100.26,87.079,20.087,13.181
29.19400930404663,101.18,87.848,29.638,13.332
29.235020875930786,101.78,88.57,18.98,13.21
29.272279739379883,102.86,89.28,19.117,13.58
29.30899453163147,103.91,89.995,20.587,13.915
29.349406242370605,104.43,90.755,20.524,13.675
29.386779308319092,105.36,91.479,19.836,13.881
29.42380714416504,106.23,92.2,19.516,13.77
29.46031355857849,106.79,92.917,19.615,13.873
29.50098180770874,107.85,93.673,26.519,14.177
29.537795782089233,108.58,94.42,19.808,14.16
29.57548475265503,109.42,95.14,17.275,14.28
29.612491846084595,110.15,95.839,19.38,14.311
29.64889669418335,110.59,96.577,20.304,14.013
29.689455270767212,111.48,97.306,17.616,14.174
29.72704005241394,111.97,98.029,20.755,13.941
29.764126300811768,112.75,98.759,18.426,13.991
29.804057359695435,113.48,99.483,20.651,13.997
29.84143853187561,113.69,100.235,19.469,13.455
29.878568172454834,113.69,100.968,20.774,12.722
29.9153254032135,113.69,101.67,19.313,12.02
29.95164656639099,113.69,102.373,20.281,11.317
29.988653898239136,113.69,103.12,27.261,10.57
30.02565360069275,113.69,103.831,26.023,9.859
30.062166929244995,113.69,104.551,23.001,9.139
30.099628686904907,113.69,105.255,23.533,8.435
30.136083126068115,113.69,105.976,24.8,7.714
30.173338413238525,113.69,106.726,25.999,6.964
30.209682941436768,113.69,107.447,20.645,6.243
30.247064113616943,113.69,108.143,20.316,5.547
30.283777713775635,113.69,108.85,19.626,4.84
30.32079267501831,113.69,109.59,21.529,4.1
30.353304624557495,113.69,110.299,19.163,3.391
30.390554904937744,113.69,111.013,19.026,2.677
30.426870822906494,113.69,111.715,19.129,1.975
30.464396238327026,113.69,112.444,20.478,1.246
30.50138521194458,113.69,113.15,15.751,0.54
30.53838849067688,113.69,113.465,3.266,0.225
30.57495355606079,113.69,113.574,0.478,0.116
30.611795902252197,113.69,113.615,1.165,0.075
30.648820161819458,113.69,113.652,0.922,0.038
30.685099363327026,113.69,113.676,0.691,0.014
30.72183656692505,113.69,113.682,0.0,0.008
30.759384632110596,113.69,113.686,-0.23,0.004
30.795390605926514,113.69,113.687,-0.23,0.003
30.832386016845703,113.69,113.689,0.691,0.001
30.870054244995117,113.69,113.69,-0.461,-0.0
30.90691065788269,113.69,113.691,0.0,-0.001
30.943676233291626,113.69,113.691,-0.234,-0.001
30.980506658554077,113.69,113.69,-0.23,-0.0
31.01708173751831,113.69,113.691,0.691,-0.001
31.054006576538086,113.69,113.691,-0.225,-0.001
31.09065055847168,113.69,113.691,0.457,-0.001
31.12768530845642,113.69,113.691,0.469,-0.001
31.16472816467285,113.69,113.69,0.23,0.0
31.20107674598694,113.69,113.691,0.222,-0.001
31.23854160308838,113.69,113.69,-0.237,0.0
31.27483081817627,113.69,113.691,0.234,-0.001
31.31217622756958,113.69,113.689,-0.913,0.001
31.349010229110718,113.69,113.691,-0.234,-0.001
31.386019468307495,113.69,113.69,0.0,-0.0
31.421532154083252,113.69,113.69,0.0,0.0
31.459537506103516,113.69,113.691,-0.234,-0.001
31.496537923812866,113.69,113.69,0.23,0.0
31.53307294845581,113.69,113.69,-0.225,0.0
31.569470643997192,113.69,113.691,0.902,-0.001
31.606407642364502,113.69,113.69,0.228,0.0
31.64316415786743,113.69,113.689,-0.234,0.001
31.680763721466064,113.69,113.691,0.223,-0.001
31.717143535614014,113.69,113.691,0.226,-0.001
31.754389762878418,113.69,113.691,1.126,-0.001
31.790817260742188,113.69,113.689,-0.243,0.001
31.82757306098938,113.69,113.689,-0.228,0.001
31.865269899368286,113.69,113.691,0.469,-0.001
31.901270151138306,113.69,113.69,-0.667,0.0
31.93844246864319,113.69,113.691,0.0,-0.001
31.97582197189331,113.69,113.691,0.436,-0.001
32.0128219127655,113.69,113.69,-0.217,-0.0
32.04893445968628,113.69,113.691,1.089,-0.001
32.08650875091553,113.69,113.689,-0.227,0.001
32.123326778411865,113.69,113.689,-0.448,0.001
32.15981340408325,113.69,113.69,-0.46,-0.0
32.19685196876526,113.69,113.69,0.0,-0.0
32.233880043029785,113.69,113.689,-0.228,0.001
32.27037954330444,113.69,113.69,0.0,0.0
32.307379961013794,113.69,113.69,0.244,-0.0
32.3439736366272,113.69,113.69,-0.457,0.0
32.38097381591797,113.69,113.689,-0.676,0.001
32.418076038360596,113.69,113.69,-0.679,-0.0
32.45444416999817,113.69,113.69,0.225,0.0
32.491783142089844,113.69,113.689,-0.712,0.001
32.52798557281494,113.69,113.691,0.234,-0.001
32.56506299972534,113.69,113.689,-1.142,0.001
32.60177707672119,113.69,113.69,0.0,-0.0
32.63897657394409,113.69,113.691,0.676,-0.001
32.67530703544617,113.69,113.689,-0.701,0.001
32.7123007774353,113.69,113.69,0.234,0.0
32.74962759017944,113.69,113.689,-0.936,0.001
32.78662705421448,113.69,113.69,-0.461,0.0
32.82360053062439,113.69,113.69,-0.233,-0.0
32.860493659973145,113.69,113.691,0.244,-0.001
32.89663863182068,113.69,113.69,-0.23,-0.0
32.93431806564331,113.69,113.692,0.488,-0.002
32.97078800201416,113.69,113.691,0.674,-0.001
33.0077862739563,113.69,113.69,-0.457,0.0
33.04472756385803,113.69,113.691,0.0,-0.001
33.08116173744202,113.69,113.691,0.644,-0.001
33.11849641799927,113.69,113.689,-0.872,0.001
33.15538024902344,113.69,113.689,-0.23,0.001
33.192408323287964,113.69,113.69,-0.465,0.0
33.22931408882141,113.69,113.691,-0.224,-0.001
33.265644788742065,113.69,113.69,0.23,-0.0
33.30263710021973,113.69,113.69,0.457,-0.0
33.34353852272034,113.69,113.69,0.699,-0.0
33.37959337234497,113.69,113.69,0.23,-0.0
33.416677474975586,113.69,113.691,0.457,-0.001
33.453449964523315,113.69,113.69,-0.228,-0.0
33.491156578063965,113.69,113.69,0.0,0.0
33.527804136276245,113.69,113.689,0.0,0.001
33.56415796279907,113.69,113.691,0.702,-0.001
33.60144233703613,113.69,113.69,0.0,-0.0
33.63849139213562,113.69,113.69,-0.226,-0.0
33.67511177062988,113.69,113.69,-0.449,-0.0
33.71245217323303,113.69,113.691,1.129,-0.001
33.74912238121033,113.69,113.689,0.234,0.001
33.786004304885864,113.69,113.689,0.228,0.001
33.822654485702515,113.69,113.689,-0.468,0.001
33.85917806625366,113.69,113.691,0.461,-0.001
33.89656066894531,113.69,113.69,-0.23,-0.0
33.93360877037048,113.69,113.69,0.0,-0.0
33.96973633766174,113.69,113.691,0.677,-0.001
34.00662112236023,113.69,113.689,-0.228,0.001
34.04347538948059,113.69,113.69,0.0,0.0
34.08048367500305,113.69,113.69,0.672,-0.0
34.11748766899109,113.69,113.689,-0.872,0.001
34.154168367385864,113.69,113.691,0.443,-0.001
34.19117331504822,113.69,113.691,0.228,-0.001
34.228166580200195,113.69,113.69,0.0,0.0
34.26490235328674,113.69,113.689,-0.691,0.001
34.30201458930969,113.69,113.689,-0.244,0.001
34.339017152786255,113.69,113.691,0.691,-0.001
34.37520623207092,113.69,113.689,-0.913,0.001
34.41220569610596,113.69,113.691,-0.457,-0.001
34.44972038269043,113.69,113.69,0.0,-0.0
34.48572516441345,113.69,113.69,0.45,-0.0
34.5227210521698,113.69,113.69,0.0,-0.0
34.56023120880127,113.69,113.69,-0.456,0.0
34.59722542762756,113.69,113.69,-0.235,-0.0
34.633244037628174,113.69,113.69,0.449,-0.0
34.67045783996582,113.69,113.69,0.234,-0.0
34.706828355789185,113.69,113.689,0.0,0.001
34.74431133270264,113.69,113.691,0.457,-0.001
34.781388998031616,113.69,113.691,0.685,-0.001
34.818381547927856,113.69,113.691,0.677,-0.001
34.85899329185486,113.69,113.689,-0.223,0.001
